order_id,date,month,quarter,product,category,unit_price_ugx,quantity,gross_revenue_ugx,discount_pct,discount_amount_ugx,net_revenue_ugx,cost_ugx,profit_ugx,profit_margin_pct,region,sales_rep,payment_method,channel,status,customer_type
ORD-1003,1/4/2024,January,Q1,Ballpoint Pen Pack,Stationery,12000,8,96000,5,4800,91200,62136,29064,31.87,Gulu,Sarah Nakato,Bank Transfer,Agent,Completed,New
ORD-1144,1/4/2024,January,Q1,Filing Cabinet,Furniture,310000,9,2790000,0,0,2790000,1623861,1166139,41.8,Entebbe,Grace Nalwoga,Bank Transfer,Online,Completed,Returning
ORD-1327,1/6/2024,January,Q1,Wireless Mouse,Electronics,45000,1,45000,15,6750,38250,24043,14207,37.14,Wakiso,Lydia Atim,Cash,Phone Order,Refunded,Returning
ORD-1251,1/8/2024,January,Q1,Mechanical Keyboard,Electronics,180000,11,1980000,0,0,1980000,1463715,516285,26.07,Wakiso,Sarah Nakato,MTN MoMo,WhatsApp,Completed,Returning
ORD-1213,1/10/2024,January,Q1,Laptop Pro 15,Electronics,1200000,19,22800000,15,3420000,19380000,12026392,7353608,37.94,Entebbe,James Ssempa,Bank Transfer,Online,Pending,New
ORD-1236,1/12/2024,January,Q1,HDMI Cable 2m,Electronics,25000,15,375000,15,56250,318750,263145,55605,17.44,Entebbe,James Ssempa,MTN MoMo,Online,Refunded,New
ORD-1286,1/13/2024,January,Q1,Surge Protector,Electronics,65000,17,1105000,0,0,1105000,647785,457215,41.38,Entebbe,Brian Okello,Cash,WhatsApp,Completed,New
ORD-1106,1/15/2024,January,Q1,Thermal Printer,Electronics,480000,6,2880000,15,432000,2448000,1655610,792390,32.37,Kampala Central,James Ssempa,MTN MoMo,Agent,Completed,Returning
ORD-1184,1/16/2024,January,Q1,Notebook A4,Stationery,8000,17,136000,15,20400,115600,91086,24514,21.21,Wakiso,Peter Mugisha,Bank Transfer,Walk-in,Completed,New
ORD-1398,1/19/2024,January,Q1,Monitor 24inch,Electronics,750000,14,10500000,5,525000,9975000,6269214,3705786,37.15,Jinja,Grace Nalwoga,Flutterwave,Online,Completed,New
ORD-1119,1/20/2024,January,Q1,Printer Paper Ream,Stationery,18000,14,252000,0,0,252000,134792,117208,46.51,Mukono,Lydia Atim,MTN MoMo,Walk-in,Completed,Returning
ORD-1382,1/20/2024,January,Q1,Ballpoint Pen Pack,Stationery,12000,16,192000,10,19200,172800,125216,47584,27.54,Wakiso,James Ssempa,Bank Transfer,Online,Refunded,Returning
ORD-1039,1/21/2024,January,Q1,USB-C Hub,Electronics,120000,2,240000,0,0,240000,141878,98122,40.88,Mukono,Sarah Nakato,Airtel Money,Walk-in,Completed,Returning
ORD-1154,1/22/2024,January,Q1,HDMI Cable 2m,Electronics,25000,13,325000,5,16250,308750,209651,99099,32.1,Entebbe,Peter Mugisha,Airtel Money,Agent,Refunded,Returning
ORD-1128,1/23/2024,January,Q1,Thermal Printer,Electronics,480000,17,8160000,0,0,8160000,6008633,2151367,26.36,Mbarara,Grace Nalwoga,Flutterwave,Agent,Pending,New
ORD-1178,1/23/2024,January,Q1,Wireless Mouse,Electronics,45000,15,675000,0,0,675000,387015,287985,42.66,Gulu,Sarah Nakato,MTN MoMo,Agent,Completed,Returning
ORD-1172,1/25/2024,January,Q1,Filing Cabinet,Furniture,310000,10,3100000,0,0,3100000,1783390,1316610,42.47,Wakiso,Lydia Atim,Flutterwave,WhatsApp,Completed,New
ORD-1310,1/25/2024,January,Q1,Whiteboard 4x3,Furniture,220000,16,3520000,0,0,3520000,2546848,973152,27.65,Kampala Central,Brian Okello,Bank Transfer,Walk-in,Completed,New
ORD-1036,1/27/2024,January,Q1,HDMI Cable 2m,Electronics,25000,16,400000,0,0,400000,290528,109472,27.37,Kampala Central,Grace Nalwoga,Bank Transfer,Agent,Completed,New
ORD-1080,1/27/2024,January,Q1,Thermal Printer,Electronics,480000,16,7680000,5,384000,7296000,4494144,2801856,38.4,Mukono,Lydia Atim,MTN MoMo,Walk-in,Pending,Returning
ORD-1221,1/27/2024,January,Q1,Printer Paper Ream,Stationery,18000,17,306000,0,0,306000,201790,104210,34.06,Kampala Central,Lydia Atim,Cash,WhatsApp,Completed,New
ORD-1263,1/29/2024,January,Q1,Ballpoint Pen Pack,Stationery,12000,13,156000,5,7800,148200,99554,48646,32.82,Mbarara,Brian Okello,Airtel Money,Walk-in,Pending,Returning
ORD-1153,1/30/2024,January,Q1,Wireless Mouse,Electronics,45000,10,450000,5,22500,427500,275840,151660,35.48,Mukono,James Ssempa,MTN MoMo,Walk-in,Refunded,Returning
ORD-1026,1/31/2024,January,Q1,Thermal Printer,Electronics,480000,16,7680000,0,0,7680000,5500128,2179872,28.38,Wakiso,Lydia Atim,MTN MoMo,WhatsApp,Completed,Returning
ORD-1028,2/1/2024,February,Q1,Office Chair,Furniture,350000,2,700000,10,70000,630000,478754,151246,24.01,Mbarara,James Ssempa,MTN MoMo,Walk-in,Refunded,Returning
ORD-1058,2/1/2024,February,Q1,Ballpoint Pen Pack,Stationery,12000,11,132000,10,13200,118800,81367,37433,31.51,Wakiso,Lydia Atim,Bank Transfer,Phone Order,Completed,Returning
ORD-1214,2/1/2024,February,Q1,Ballpoint Pen Pack,Stationery,12000,17,204000,10,20400,183600,148937,34663,18.88,Mbarara,Sarah Nakato,Flutterwave,Online,Refunded,Returning
ORD-1339,2/1/2024,February,Q1,USB-C Hub,Electronics,120000,13,1560000,0,0,1560000,1010828,549172,35.2,Entebbe,Grace Nalwoga,Airtel Money,Online,Completed,Returning
ORD-1012,2/2/2024,February,Q1,Printer Paper Ream,Stationery,18000,6,108000,15,16200,91800,65394,26406,28.76,Entebbe,Lydia Atim,Flutterwave,WhatsApp,Refunded,Returning
ORD-1127,2/2/2024,February,Q1,USB-C Hub,Electronics,120000,14,1680000,10,168000,1512000,887726,624274,41.29,Entebbe,Lydia Atim,Cash,Phone Order,Refunded,New
ORD-1009,2/3/2024,February,Q1,Office Chair,Furniture,350000,2,700000,0,0,700000,420202,279798,39.97,Wakiso,Peter Mugisha,Cash,Online,Pending,Returning
ORD-1346,2/3/2024,February,Q1,Whiteboard 4x3,Furniture,220000,9,1980000,0,0,1980000,1000791,979209,49.45,Wakiso,Grace Nalwoga,Bank Transfer,Online,Completed,Returning
ORD-1176,2/4/2024,February,Q1,Notebook A4,Stationery,8000,9,72000,15,10800,61200,36288,24912,40.71,Mukono,Sarah Nakato,MTN MoMo,Phone Order,Completed,New
ORD-1188,2/7/2024,February,Q1,Standing Desk,Furniture,890000,16,14240000,0,0,14240000,7556576,6683424,46.93,Entebbe,Sarah Nakato,Bank Transfer,Walk-in,Completed,Returning
ORD-1270,2/7/2024,February,Q1,Wireless Mouse,Electronics,45000,20,900000,0,0,900000,629560,270440,30.05,Kampala Central,James Ssempa,Airtel Money,WhatsApp,Completed,Returning
ORD-1268,2/8/2024,February,Q1,Laptop Pro 15,Electronics,1200000,4,4800000,5,240000,4560000,2678572,1881428,41.26,Mukono,Peter Mugisha,Flutterwave,Phone Order,Pending,Returning
ORD-1148,2/10/2024,February,Q1,Office Chair,Furniture,350000,14,4900000,10,490000,4410000,2940546,1469454,33.32,Entebbe,James Ssempa,Cash,Online,Completed,New
ORD-1169,2/11/2024,February,Q1,Ballpoint Pen Pack,Stationery,12000,17,204000,0,0,204000,114019,89981,44.11,Mukono,Sarah Nakato,MTN MoMo,Agent,Completed,Returning
ORD-1073,2/13/2024,February,Q1,HDMI Cable 2m,Electronics,25000,1,25000,10,2500,22500,18425,4075,18.11,Wakiso,Grace Nalwoga,Bank Transfer,WhatsApp,Refunded,New
ORD-1283,2/13/2024,February,Q1,Surge Protector,Electronics,65000,18,1170000,10,117000,1053000,771660,281340,26.72,Kampala Central,Sarah Nakato,Cash,Online,Refunded,New
ORD-1191,2/14/2024,February,Q1,Filing Cabinet,Furniture,310000,18,5580000,0,0,5580000,3643650,1936350,34.7,Kampala Central,James Ssempa,Bank Transfer,WhatsApp,Refunded,Returning
ORD-1363,2/15/2024,February,Q1,Notebook A4,Stationery,8000,6,48000,15,7200,40800,34620,6180,15.15,Gulu,Grace Nalwoga,Cash,WhatsApp,Completed,Returning
ORD-1114,2/16/2024,February,Q1,Laptop Pro 15,Electronics,1200000,19,22800000,0,0,22800000,15574433,7225567,31.69,Mukono,James Ssempa,Bank Transfer,Online,Completed,New
ORD-1264,2/18/2024,February,Q1,Printer Paper Ream,Stationery,18000,11,198000,10,19800,178200,147367,30833,17.3,Jinja,Brian Okello,Airtel Money,Online,Refunded,Returning
ORD-1004,2/19/2024,February,Q1,Office Chair,Furniture,350000,11,3850000,0,0,3850000,2014265,1835735,47.68,Mukono,James Ssempa,Flutterwave,Agent,Completed,Returning
ORD-1022,2/19/2024,February,Q1,Filing Cabinet,Furniture,310000,16,4960000,5,248000,4712000,2716096,1995904,42.36,Mbarara,Lydia Atim,Cash,WhatsApp,Pending,Returning
ORD-1242,2/21/2024,February,Q1,Filing Cabinet,Furniture,310000,1,310000,0,0,310000,170971,139029,44.85,Jinja,Brian Okello,Bank Transfer,Phone Order,Completed,New
ORD-1381,2/21/2024,February,Q1,Whiteboard 4x3,Furniture,220000,4,880000,0,0,880000,563788,316212,35.93,Gulu,James Ssempa,Flutterwave,Agent,Pending,Returning
ORD-1315,2/22/2024,February,Q1,Office Chair,Furniture,350000,13,4550000,0,0,4550000,3106233,1443767,31.73,Kampala Central,James Ssempa,Cash,Agent,Completed,Returning
ORD-1362,2/23/2024,February,Q1,Monitor 24inch,Electronics,750000,20,15000000,0,0,15000000,9898660,5101340,34.01,Entebbe,Sarah Nakato,Cash,Walk-in,Completed,Returning
ORD-1129,2/25/2024,February,Q1,Laptop Pro 15,Electronics,1200000,16,19200000,5,960000,18240000,11646112,6593888,36.15,Entebbe,Grace Nalwoga,Bank Transfer,Walk-in,Completed,Returning
ORD-1136,2/25/2024,February,Q1,Office Chair,Furniture,350000,5,1750000,15,262500,1487500,1085955,401545,26.99,Mukono,Peter Mugisha,Cash,Walk-in,Completed,Returning
ORD-1220,2/25/2024,February,Q1,Standing Desk,Furniture,890000,18,16020000,15,2403000,13617000,9097830,4519170,33.19,Jinja,Grace Nalwoga,Flutterwave,Online,Completed,New
ORD-1233,2/27/2024,February,Q1,Surge Protector,Electronics,65000,12,780000,0,0,780000,568860,211140,27.07,Kampala Central,Peter Mugisha,Flutterwave,Online,Refunded,Returning
ORD-1065,2/28/2024,February,Q1,USB-C Hub,Electronics,120000,8,960000,0,0,960000,593648,366352,38.16,Jinja,Sarah Nakato,Bank Transfer,Agent,Completed,New
ORD-1142,2/28/2024,February,Q1,Ballpoint Pen Pack,Stationery,12000,9,108000,0,0,108000,74376,33624,31.13,Mukono,Lydia Atim,MTN MoMo,Agent,Refunded,Returning
ORD-1326,2/29/2024,February,Q1,Laptop Pro 15,Electronics,1200000,8,9600000,0,0,9600000,7019104,2580896,26.88,Entebbe,Peter Mugisha,Flutterwave,Walk-in,Completed,New
ORD-1372,2/29/2024,February,Q1,USB-C Hub,Electronics,120000,10,1200000,0,0,1200000,742070,457930,38.16,Mukono,Lydia Atim,Bank Transfer,WhatsApp,Completed,New
ORD-1302,3/1/2024,March,Q1,Notebook A4,Stationery,8000,3,24000,5,1200,22800,17190,5610,24.61,Gulu,Sarah Nakato,Airtel Money,Phone Order,Completed,Returning
ORD-1117,3/4/2024,March,Q1,Filing Cabinet,Furniture,310000,13,4030000,0,0,4030000,2281435,1748565,43.39,Entebbe,James Ssempa,Cash,Phone Order,Pending,Returning
ORD-1167,3/4/2024,March,Q1,Monitor 24inch,Electronics,750000,4,3000000,15,450000,2550000,2134416,415584,16.3,Mukono,Brian Okello,Airtel Money,Agent,Pending,Returning
ORD-1079,3/5/2024,March,Q1,Laptop Pro 15,Electronics,1200000,2,2400000,10,240000,2160000,1375280,784720,36.33,Mbarara,Lydia Atim,MTN MoMo,Walk-in,Refunded,Returning
ORD-1160,3/6/2024,March,Q1,HDMI Cable 2m,Electronics,25000,13,325000,15,48750,276250,226811,49439,17.9,Mbarara,Grace Nalwoga,Flutterwave,Walk-in,Pending,Returning
ORD-1193,3/7/2024,March,Q1,USB-C Hub,Electronics,120000,18,2160000,15,324000,1836000,1397394,438606,23.89,Entebbe,Peter Mugisha,MTN MoMo,Walk-in,Refunded,New
ORD-1392,3/8/2024,March,Q1,HDMI Cable 2m,Electronics,25000,1,25000,15,3750,21250,12555,8695,40.92,Mbarara,Sarah Nakato,Flutterwave,Walk-in,Completed,Returning
ORD-1011,3/11/2024,March,Q1,Monitor 24inch,Electronics,750000,19,14250000,5,712500,13537500,8414606,5122894,37.84,Jinja,Lydia Atim,MTN MoMo,Walk-in,Completed,New
ORD-1166,3/11/2024,March,Q1,Ballpoint Pen Pack,Stationery,12000,6,72000,0,0,72000,50418,21582,29.98,Gulu,James Ssempa,MTN MoMo,WhatsApp,Completed,Returning
ORD-1116,3/13/2024,March,Q1,Filing Cabinet,Furniture,310000,4,1240000,5,62000,1178000,918496,259504,22.03,Gulu,Sarah Nakato,Bank Transfer,Phone Order,Completed,New
ORD-1306,3/13/2024,March,Q1,Mechanical Keyboard,Electronics,180000,8,1440000,15,216000,1224000,861368,362632,29.63,Jinja,Grace Nalwoga,Cash,WhatsApp,Pending,Returning
ORD-1316,3/14/2024,March,Q1,Filing Cabinet,Furniture,310000,5,1550000,15,232500,1317500,1159760,157740,11.97,Kampala Central,Peter Mugisha,Flutterwave,Walk-in,Refunded,New
ORD-1125,3/15/2024,March,Q1,Filing Cabinet,Furniture,310000,20,6200000,0,0,6200000,3529760,2670240,43.07,Wakiso,Peter Mugisha,Cash,Online,Completed,New
ORD-1377,3/16/2024,March,Q1,Filing Cabinet,Furniture,310000,19,5890000,15,883500,5006500,4392097,614403,12.27,Kampala Central,Lydia Atim,Airtel Money,Online,Completed,New
ORD-1171,3/17/2024,March,Q1,Monitor 24inch,Electronics,750000,3,2250000,0,0,2250000,1268955,981045,43.6,Jinja,Grace Nalwoga,Flutterwave,Phone Order,Pending,New
ORD-1057,3/18/2024,March,Q1,Notebook A4,Stationery,8000,11,88000,10,8800,79200,45771,33429,42.21,Wakiso,Lydia Atim,Airtel Money,Online,Completed,Returning
ORD-1081,3/18/2024,March,Q1,Wireless Mouse,Electronics,45000,19,855000,15,128250,726750,574218,152532,20.99,Wakiso,Peter Mugisha,Cash,Walk-in,Completed,New
ORD-1317,3/18/2024,March,Q1,Thermal Printer,Electronics,480000,12,5760000,15,864000,4896000,3186792,1709208,34.91,Entebbe,Peter Mugisha,Bank Transfer,Online,Completed,New
ORD-1150,3/19/2024,March,Q1,USB-C Hub,Electronics,120000,9,1080000,0,0,1080000,586836,493164,45.66,Gulu,Grace Nalwoga,MTN MoMo,Online,Pending,Returning
ORD-1103,3/20/2024,March,Q1,Laptop Pro 15,Electronics,1200000,5,6000000,5,300000,5700000,4306395,1393605,24.45,Kampala Central,Lydia Atim,Cash,Agent,Refunded,Returning
ORD-1241,3/20/2024,March,Q1,Mechanical Keyboard,Electronics,180000,8,1440000,0,0,1440000,885824,554176,38.48,Mukono,Sarah Nakato,MTN MoMo,Walk-in,Pending,Returning
ORD-1330,3/21/2024,March,Q1,Laptop Pro 15,Electronics,1200000,16,19200000,10,1920000,17280000,10401024,6878976,39.81,Mukono,Brian Okello,Flutterwave,Walk-in,Completed,Returning
ORD-1202,3/22/2024,March,Q1,Monitor 24inch,Electronics,750000,19,14250000,15,2137500,12112500,8239046,3873454,31.98,Entebbe,Peter Mugisha,Bank Transfer,WhatsApp,Completed,Returning
ORD-1015,3/23/2024,March,Q1,Whiteboard 4x3,Furniture,220000,7,1540000,0,0,1540000,913955,626045,40.65,Jinja,Peter Mugisha,MTN MoMo,Phone Order,Completed,Returning
ORD-1037,3/23/2024,March,Q1,Notebook A4,Stationery,8000,5,40000,15,6000,34000,29795,4205,12.37,Mbarara,Lydia Atim,Flutterwave,WhatsApp,Refunded,New
ORD-1066,3/24/2024,March,Q1,Whiteboard 4x3,Furniture,220000,20,4400000,15,660000,3740000,2990180,749820,20.05,Mukono,Brian Okello,Flutterwave,Walk-in,Completed,Returning
ORD-1341,3/25/2024,March,Q1,USB-C Hub,Electronics,120000,19,2280000,0,0,2280000,1228578,1051422,46.12,Entebbe,Lydia Atim,Cash,WhatsApp,Completed,Returning
ORD-1050,3/27/2024,March,Q1,Thermal Printer,Electronics,480000,7,3360000,10,336000,3024000,2077474,946526,31.3,Mbarara,Brian Okello,Cash,Phone Order,Refunded,Returning
ORD-1367,3/28/2024,March,Q1,Notebook A4,Stationery,8000,9,72000,0,0,72000,37332,34668,48.15,Entebbe,Sarah Nakato,MTN MoMo,Phone Order,Completed,Returning
ORD-1215,3/29/2024,March,Q1,Printer Paper Ream,Stationery,18000,16,288000,10,28800,259200,171120,88080,33.98,Entebbe,Peter Mugisha,Cash,Phone Order,Completed,Returning
ORD-1090,3/30/2024,March,Q1,Filing Cabinet,Furniture,310000,9,2790000,10,279000,2511000,1423053,1087947,43.33,Entebbe,Peter Mugisha,Bank Transfer,Agent,Completed,Returning
ORD-1333,4/1/2024,April,Q2,Wireless Mouse,Electronics,45000,17,765000,15,114750,650250,554982,95268,14.65,Wakiso,Peter Mugisha,MTN MoMo,WhatsApp,Completed,Returning
ORD-1163,4/2/2024,April,Q2,USB-C Hub,Electronics,120000,20,2400000,5,120000,2280000,1292540,987460,43.31,Gulu,Grace Nalwoga,Flutterwave,Online,Pending,New
ORD-1062,4/3/2024,April,Q2,Printer Paper Ream,Stationery,18000,14,252000,0,0,252000,180600,71400,28.33,Kampala Central,James Ssempa,Bank Transfer,Agent,Completed,Returning
ORD-1257,4/4/2024,April,Q2,USB-C Hub,Electronics,120000,5,600000,15,90000,510000,381980,128020,25.1,Jinja,Grace Nalwoga,MTN MoMo,Phone Order,Completed,New
ORD-1224,4/5/2024,April,Q2,Monitor 24inch,Electronics,750000,2,1500000,5,75000,1425000,1045484,379516,26.63,Mbarara,James Ssempa,MTN MoMo,Walk-in,Completed,Returning
ORD-1348,4/5/2024,April,Q2,Printer Paper Ream,Stationery,18000,14,252000,0,0,252000,148288,103712,41.16,Mukono,James Ssempa,Bank Transfer,Online,Completed,Returning
ORD-1355,4/6/2024,April,Q2,Whiteboard 4x3,Furniture,220000,19,4180000,0,0,4180000,2678430,1501570,35.92,Gulu,Lydia Atim,Flutterwave,Agent,Completed,Returning
ORD-1249,4/7/2024,April,Q2,Mechanical Keyboard,Electronics,180000,12,2160000,0,0,2160000,1369236,790764,36.61,Kampala Central,James Ssempa,Bank Transfer,Phone Order,Refunded,New
ORD-1261,4/8/2024,April,Q2,Wireless Mouse,Electronics,45000,4,180000,10,18000,162000,96700,65300,40.31,Jinja,Peter Mugisha,Cash,Agent,Completed,Returning
ORD-1051,4/11/2024,April,Q2,Wireless Mouse,Electronics,45000,8,360000,15,54000,306000,207936,98064,32.05,Wakiso,Brian Okello,MTN MoMo,Online,Pending,Returning
ORD-1067,4/11/2024,April,Q2,Printer Paper Ream,Stationery,18000,13,234000,5,11700,222300,172068,50232,22.6,Kampala Central,Peter Mugisha,Airtel Money,Walk-in,Completed,Returning
ORD-1086,4/11/2024,April,Q2,Filing Cabinet,Furniture,310000,19,5890000,15,883500,5006500,4128738,877762,17.53,Entebbe,Brian Okello,Flutterwave,Online,Completed,Returning
ORD-1303,4/15/2024,April,Q2,Printer Paper Ream,Stationery,18000,14,252000,0,0,252000,164808,87192,34.6,Gulu,Sarah Nakato,MTN MoMo,Phone Order,Completed,Returning
ORD-1007,4/17/2024,April,Q2,Printer Paper Ream,Stationery,18000,12,216000,0,0,216000,127980,88020,40.75,Mbarara,James Ssempa,MTN MoMo,Phone Order,Completed,Returning
ORD-1049,4/17/2024,April,Q2,Ballpoint Pen Pack,Stationery,12000,18,216000,0,0,216000,124398,91602,42.41,Entebbe,Peter Mugisha,Flutterwave,Agent,Pending,Returning
ORD-1018,4/18/2024,April,Q2,Standing Desk,Furniture,890000,17,15130000,10,1513000,13617000,9165516,4451484,32.69,Jinja,Grace Nalwoga,Airtel Money,Agent,Pending,Returning
ORD-1072,4/18/2024,April,Q2,Laptop Pro 15,Electronics,1200000,16,19200000,0,0,19200000,10472816,8727184,45.45,Mukono,James Ssempa,Cash,Agent,Refunded,Returning
ORD-1123,4/18/2024,April,Q2,Office Chair,Furniture,350000,4,1400000,5,70000,1330000,732084,597916,44.96,Mbarara,Grace Nalwoga,Flutterwave,Walk-in,Completed,Returning
ORD-1021,4/19/2024,April,Q2,HDMI Cable 2m,Electronics,25000,8,200000,0,0,200000,133448,66552,33.28,Jinja,Sarah Nakato,Flutterwave,Phone Order,Pending,New
ORD-1161,4/19/2024,April,Q2,Notebook A4,Stationery,8000,1,8000,0,0,8000,4617,3383,42.29,Mukono,Lydia Atim,Airtel Money,Online,Completed,New
ORD-1313,4/19/2024,April,Q2,Ballpoint Pen Pack,Stationery,12000,3,36000,15,5400,30600,18855,11745,38.38,Entebbe,Brian Okello,Airtel Money,Phone Order,Completed,Returning
ORD-1391,4/19/2024,April,Q2,Laptop Pro 15,Electronics,1200000,6,7200000,10,720000,6480000,5003694,1476306,22.78,Gulu,Sarah Nakato,Airtel Money,Online,Completed,Returning
ORD-1077,4/20/2024,April,Q2,Surge Protector,Electronics,65000,18,1170000,15,175500,994500,639144,355356,35.73,Mbarara,Lydia Atim,Cash,Phone Order,Refunded,Returning
ORD-1053,4/22/2024,April,Q2,USB-C Hub,Electronics,120000,1,120000,0,0,120000,83352,36648,30.54,Wakiso,Grace Nalwoga,Flutterwave,WhatsApp,Completed,Returning
ORD-1356,4/22/2024,April,Q2,Laptop Pro 15,Electronics,1200000,3,3600000,0,0,3600000,2009361,1590639,44.18,Kampala Central,Peter Mugisha,Bank Transfer,Walk-in,Completed,Returning
ORD-1168,4/23/2024,April,Q2,USB-C Hub,Electronics,120000,14,1680000,0,0,1680000,1237488,442512,26.34,Gulu,Lydia Atim,Cash,Walk-in,Pending,New
ORD-1254,4/23/2024,April,Q2,Notebook A4,Stationery,8000,14,112000,0,0,112000,71750,40250,35.94,Mbarara,Sarah Nakato,MTN MoMo,Agent,Refunded,Returning
ORD-1345,4/23/2024,April,Q2,Wireless Mouse,Electronics,45000,5,225000,0,0,225000,113170,111830,49.7,Wakiso,Sarah Nakato,Bank Transfer,Agent,Completed,Returning
ORD-1019,4/25/2024,April,Q2,Thermal Printer,Electronics,480000,17,8160000,5,408000,7752000,4326840,3425160,44.18,Kampala Central,James Ssempa,MTN MoMo,Phone Order,Refunded,New
ORD-1096,4/25/2024,April,Q2,HDMI Cable 2m,Electronics,25000,1,25000,10,2500,22500,15049,7451,33.12,Gulu,Brian Okello,Bank Transfer,Walk-in,Completed,Returning
ORD-1247,4/25/2024,April,Q2,Ballpoint Pen Pack,Stationery,12000,6,72000,10,7200,64800,44520,20280,31.3,Mukono,Grace Nalwoga,Airtel Money,WhatsApp,Completed,Returning
ORD-1299,4/25/2024,April,Q2,Laptop Pro 15,Electronics,1200000,8,9600000,0,0,9600000,4878464,4721536,49.18,Jinja,James Ssempa,Airtel Money,WhatsApp,Refunded,Returning
ORD-1366,4/25/2024,April,Q2,Filing Cabinet,Furniture,310000,19,5890000,15,883500,5006500,4061497,945003,18.88,Wakiso,Lydia Atim,MTN MoMo,Walk-in,Completed,New
ORD-1042,4/26/2024,April,Q2,Office Chair,Furniture,350000,7,2450000,5,122500,2327500,1439165,888335,38.17,Wakiso,Brian Okello,Airtel Money,WhatsApp,Completed,Returning
ORD-1223,4/28/2024,April,Q2,Printer Paper Ream,Stationery,18000,2,36000,0,0,36000,23870,12130,33.69,Jinja,Grace Nalwoga,MTN MoMo,Online,Pending,New
ORD-1002,4/29/2024,April,Q2,Ballpoint Pen Pack,Stationery,12000,2,24000,0,0,24000,12562,11438,47.66,Jinja,Peter Mugisha,MTN MoMo,Phone Order,Completed,Returning
ORD-1040,5/1/2024,May,Q2,Monitor 24inch,Electronics,750000,14,10500000,10,1050000,9450000,7217378,2232622,23.63,Gulu,Sarah Nakato,Airtel Money,WhatsApp,Completed,New
ORD-1126,5/1/2024,May,Q2,USB-C Hub,Electronics,120000,1,120000,0,0,120000,83699,36301,30.25,Jinja,James Ssempa,MTN MoMo,Online,Completed,New
ORD-1337,5/1/2024,May,Q2,Mechanical Keyboard,Electronics,180000,10,1800000,0,0,1800000,992330,807670,44.87,Entebbe,Lydia Atim,MTN MoMo,Online,Completed,New
ORD-1056,5/2/2024,May,Q2,Mechanical Keyboard,Electronics,180000,9,1620000,10,162000,1458000,1006254,451746,30.98,Mukono,Lydia Atim,MTN MoMo,Agent,Completed,Returning
ORD-1203,5/3/2024,May,Q2,Laptop Pro 15,Electronics,1200000,3,3600000,5,180000,3420000,2254899,1165101,34.07,Wakiso,Peter Mugisha,Cash,Walk-in,Completed,Returning
ORD-1281,5/3/2024,May,Q2,Printer Paper Ream,Stationery,18000,16,288000,0,0,288000,189600,98400,34.17,Mukono,Grace Nalwoga,Airtel Money,WhatsApp,Pending,New
ORD-1262,5/4/2024,May,Q2,Wireless Mouse,Electronics,45000,12,540000,5,27000,513000,331956,181044,35.29,Mbarara,Sarah Nakato,Cash,Walk-in,Completed,New
ORD-1289,5/4/2024,May,Q2,Printer Paper Ream,Stationery,18000,4,72000,15,10800,61200,50400,10800,17.65,Jinja,Sarah Nakato,Flutterwave,Online,Completed,Returning
ORD-1001,5/5/2024,May,Q2,Printer Paper Ream,Stationery,18000,4,72000,0,0,72000,49344,22656,31.47,Wakiso,Sarah Nakato,MTN MoMo,Phone Order,Completed,Returning
ORD-1010,5/6/2024,May,Q2,Monitor 24inch,Electronics,750000,15,11250000,0,0,11250000,6369975,4880025,43.38,Mbarara,Peter Mugisha,Flutterwave,Agent,Refunded,Returning
ORD-1232,5/6/2024,May,Q2,Filing Cabinet,Furniture,310000,18,5580000,15,837000,4743000,3941712,801288,16.89,Mbarara,Peter Mugisha,MTN MoMo,Phone Order,Pending,Returning
ORD-1041,5/7/2024,May,Q2,Surge Protector,Electronics,65000,11,715000,5,35750,679250,500896,178354,26.26,Mukono,Sarah Nakato,MTN MoMo,WhatsApp,Completed,Returning
ORD-1089,5/8/2024,May,Q2,Laptop Pro 15,Electronics,1200000,14,16800000,15,2520000,14280000,9753744,4526256,31.7,Kampala Central,Brian Okello,Airtel Money,Phone Order,Refunded,New
ORD-1364,5/11/2024,May,Q2,Office Chair,Furniture,350000,8,2800000,15,420000,2380000,1447456,932544,39.18,Gulu,Brian Okello,MTN MoMo,Walk-in,Pending,Returning
ORD-1390,5/12/2024,May,Q2,HDMI Cable 2m,Electronics,25000,12,300000,0,0,300000,162252,137748,45.92,Mbarara,Grace Nalwoga,MTN MoMo,Agent,Completed,Returning
ORD-1400,5/12/2024,May,Q2,Standing Desk,Furniture,890000,4,3560000,5,178000,3382000,1893868,1488132,44,Mbarara,Peter Mugisha,Airtel Money,Agent,Completed,New
ORD-1014,5/14/2024,May,Q2,USB-C Hub,Electronics,120000,15,1800000,0,0,1800000,1329210,470790,26.16,Jinja,Sarah Nakato,Flutterwave,Walk-in,Completed,Returning
ORD-1044,5/15/2024,May,Q2,Monitor 24inch,Electronics,750000,9,6750000,0,0,6750000,4354740,2395260,35.49,Kampala Central,Brian Okello,Flutterwave,WhatsApp,Completed,Returning
ORD-1342,5/15/2024,May,Q2,Notebook A4,Stationery,8000,7,56000,5,2800,53200,32312,20888,39.26,Gulu,Brian Okello,MTN MoMo,Online,Completed,Returning
ORD-1353,5/16/2024,May,Q2,USB-C Hub,Electronics,120000,4,480000,0,0,480000,318820,161180,33.58,Jinja,Grace Nalwoga,MTN MoMo,Online,Refunded,Returning
ORD-1300,5/17/2024,May,Q2,HDMI Cable 2m,Electronics,25000,17,425000,0,0,425000,273343,151657,35.68,Gulu,Peter Mugisha,Cash,Phone Order,Completed,Returning
ORD-1328,5/17/2024,May,Q2,USB-C Hub,Electronics,120000,12,1440000,0,0,1440000,989916,450084,31.26,Mbarara,Brian Okello,MTN MoMo,Agent,Pending,Returning
ORD-1008,5/18/2024,May,Q2,Surge Protector,Electronics,65000,8,520000,0,0,520000,320088,199912,38.44,Mbarara,Grace Nalwoga,Flutterwave,Online,Completed,New
ORD-1035,5/19/2024,May,Q2,Monitor 24inch,Electronics,750000,4,3000000,15,450000,2550000,1914916,635084,24.91,Mukono,Peter Mugisha,Airtel Money,Agent,Completed,Returning
ORD-1088,5/19/2024,May,Q2,Thermal Printer,Electronics,480000,10,4800000,15,720000,4080000,2883010,1196990,29.34,Jinja,Peter Mugisha,Bank Transfer,WhatsApp,Completed,Returning
ORD-1115,5/19/2024,May,Q2,Filing Cabinet,Furniture,310000,18,5580000,0,0,5580000,3530538,2049462,36.73,Gulu,Sarah Nakato,Cash,WhatsApp,Completed,Returning
ORD-1141,5/19/2024,May,Q2,USB-C Hub,Electronics,120000,20,2400000,0,0,2400000,1604380,795620,33.15,Entebbe,Grace Nalwoga,Bank Transfer,WhatsApp,Refunded,Returning
ORD-1260,5/20/2024,May,Q2,HDMI Cable 2m,Electronics,25000,14,350000,0,0,350000,176456,173544,49.58,Jinja,James Ssempa,MTN MoMo,Phone Order,Pending,New
ORD-1275,5/21/2024,May,Q2,Thermal Printer,Electronics,480000,5,2400000,0,0,2400000,1300320,1099680,45.82,Entebbe,James Ssempa,Bank Transfer,Walk-in,Completed,Returning
ORD-1216,5/22/2024,May,Q2,Whiteboard 4x3,Furniture,220000,16,3520000,0,0,3520000,2602448,917552,26.07,Jinja,James Ssempa,Airtel Money,Agent,Completed,New
ORD-1307,5/22/2024,May,Q2,Wireless Mouse,Electronics,45000,3,135000,5,6750,128250,84900,43350,33.8,Mbarara,James Ssempa,Bank Transfer,WhatsApp,Completed,Returning
ORD-1324,5/22/2024,May,Q2,Wireless Mouse,Electronics,45000,18,810000,10,81000,729000,529740,199260,27.33,Kampala Central,James Ssempa,MTN MoMo,Phone Order,Completed,New
ORD-1121,5/23/2024,May,Q2,Mechanical Keyboard,Electronics,180000,16,2880000,10,288000,2592000,1733840,858160,33.11,Kampala Central,Grace Nalwoga,Cash,Online,Pending,Returning
ORD-1265,5/23/2024,May,Q2,Standing Desk,Furniture,890000,2,1780000,0,0,1780000,1194570,585430,32.89,Jinja,Peter Mugisha,MTN MoMo,Online,Completed,New
ORD-1352,5/23/2024,May,Q2,Notebook A4,Stationery,8000,20,160000,0,0,160000,81160,78840,49.28,Kampala Central,Lydia Atim,Flutterwave,Agent,Refunded,New
ORD-1099,5/24/2024,May,Q2,Monitor 24inch,Electronics,750000,17,12750000,0,0,12750000,8990501,3759499,29.49,Mbarara,James Ssempa,Flutterwave,Phone Order,Pending,New
ORD-1112,5/26/2024,May,Q2,Mechanical Keyboard,Electronics,180000,2,360000,10,36000,324000,247064,76936,23.75,Gulu,Sarah Nakato,Flutterwave,Agent,Completed,New
ORD-1204,5/26/2024,May,Q2,Thermal Printer,Electronics,480000,20,9600000,15,1440000,8160000,6414040,1745960,21.4,Jinja,Brian Okello,MTN MoMo,WhatsApp,Completed,Returning
ORD-1105,5/27/2024,May,Q2,Wireless Mouse,Electronics,45000,8,360000,15,54000,306000,241592,64408,21.05,Wakiso,Grace Nalwoga,MTN MoMo,WhatsApp,Completed,New
ORD-1135,5/27/2024,May,Q2,Mechanical Keyboard,Electronics,180000,14,2520000,15,378000,2142000,1292410,849590,39.66,Jinja,James Ssempa,Cash,Walk-in,Refunded,Returning
ORD-1006,5/28/2024,May,Q2,Surge Protector,Electronics,65000,3,195000,0,0,195000,129735,65265,33.47,Kampala Central,Sarah Nakato,MTN MoMo,WhatsApp,Completed,Returning
ORD-1005,5/30/2024,May,Q2,HDMI Cable 2m,Electronics,25000,4,100000,5,5000,95000,51968,43032,45.3,Gulu,Grace Nalwoga,Flutterwave,Agent,Refunded,New
ORD-1182,5/31/2024,May,Q2,Notebook A4,Stationery,8000,4,32000,0,0,32000,18620,13380,41.81,Mukono,Lydia Atim,Flutterwave,WhatsApp,Completed,Returning
ORD-1320,5/31/2024,May,Q2,Whiteboard 4x3,Furniture,220000,17,3740000,0,0,3740000,2569227,1170773,31.3,Mbarara,Brian Okello,Airtel Money,WhatsApp,Pending,New
ORD-1059,6/1/2024,June,Q2,Ballpoint Pen Pack,Stationery,12000,16,192000,0,0,192000,141248,50752,26.43,Gulu,Lydia Atim,Bank Transfer,Phone Order,Refunded,Returning
ORD-1240,6/1/2024,June,Q2,Surge Protector,Electronics,65000,8,520000,0,0,520000,358296,161704,31.1,Entebbe,Grace Nalwoga,Flutterwave,WhatsApp,Refunded,Returning
ORD-1189,6/2/2024,June,Q2,Surge Protector,Electronics,65000,3,195000,10,19500,175500,123930,51570,29.38,Gulu,Sarah Nakato,Airtel Money,Agent,Refunded,New
ORD-1110,6/3/2024,June,Q2,Standing Desk,Furniture,890000,14,12460000,15,1869000,10591000,7009044,3581956,33.82,Wakiso,Lydia Atim,Bank Transfer,Walk-in,Completed,Returning
ORD-1152,6/4/2024,June,Q2,Thermal Printer,Electronics,480000,3,1440000,5,72000,1368000,879192,488808,35.73,Gulu,James Ssempa,Flutterwave,Walk-in,Completed,Returning
ORD-1195,6/4/2024,June,Q2,Office Chair,Furniture,350000,18,6300000,0,0,6300000,3347136,2952864,46.87,Jinja,Peter Mugisha,MTN MoMo,Phone Order,Completed,Returning
ORD-1076,6/5/2024,June,Q2,Notebook A4,Stationery,8000,12,96000,15,14400,81600,58884,22716,27.84,Mukono,Sarah Nakato,MTN MoMo,Online,Completed,New
ORD-1016,6/6/2024,June,Q2,Laptop Pro 15,Electronics,1200000,4,4800000,0,0,4800000,3454464,1345536,28.03,Wakiso,Brian Okello,Airtel Money,Phone Order,Completed,New
ORD-1087,6/6/2024,June,Q2,Mechanical Keyboard,Electronics,180000,5,900000,0,0,900000,463415,436585,48.51,Jinja,Grace Nalwoga,Flutterwave,Agent,Pending,New
ORD-1271,6/6/2024,June,Q2,Notebook A4,Stationery,8000,12,96000,0,0,96000,50196,45804,47.71,Entebbe,James Ssempa,Cash,Walk-in,Completed,New
ORD-1138,6/7/2024,June,Q2,Laptop Pro 15,Electronics,1200000,6,7200000,0,0,7200000,4864854,2335146,32.43,Mukono,James Ssempa,MTN MoMo,Online,Completed,Returning
ORD-1031,6/9/2024,June,Q2,HDMI Cable 2m,Electronics,25000,11,275000,0,0,275000,151536,123464,44.9,Wakiso,James Ssempa,Bank Transfer,Online,Completed,Returning
ORD-1278,6/9/2024,June,Q2,Notebook A4,Stationery,8000,20,160000,15,24000,136000,88020,47980,35.28,Wakiso,Lydia Atim,Cash,Agent,Pending,Returning
ORD-1192,6/11/2024,June,Q2,Filing Cabinet,Furniture,310000,14,4340000,10,434000,3906000,2250010,1655990,42.4,Mbarara,Brian Okello,Bank Transfer,WhatsApp,Refunded,Returning
ORD-1354,6/11/2024,June,Q2,Notebook A4,Stationery,8000,6,48000,0,0,48000,26838,21162,44.09,Gulu,Grace Nalwoga,Cash,Phone Order,Completed,Returning
ORD-1200,6/12/2024,June,Q2,USB-C Hub,Electronics,120000,12,1440000,10,144000,1296000,922188,373812,28.84,Wakiso,Lydia Atim,MTN MoMo,Agent,Pending,New
ORD-1288,6/12/2024,June,Q2,Wireless Mouse,Electronics,45000,15,675000,15,101250,573750,455070,118680,20.68,Kampala Central,James Ssempa,MTN MoMo,Walk-in,Completed,Returning
ORD-1309,6/14/2024,June,Q2,Office Chair,Furniture,350000,14,4900000,0,0,4900000,3056018,1843982,37.63,Gulu,James Ssempa,Cash,Phone Order,Refunded,New
ORD-1357,6/14/2024,June,Q2,Office Chair,Furniture,350000,5,1750000,0,0,1750000,1188660,561340,32.08,Kampala Central,Brian Okello,Airtel Money,Phone Order,Completed,New
ORD-1140,6/15/2024,June,Q2,Thermal Printer,Electronics,480000,11,5280000,0,0,5280000,3128466,2151534,40.75,Gulu,Peter Mugisha,Flutterwave,Walk-in,Completed,New
ORD-1292,6/15/2024,June,Q2,Whiteboard 4x3,Furniture,220000,4,880000,10,88000,792000,481128,310872,39.25,Wakiso,Lydia Atim,MTN MoMo,Agent,Pending,Returning
ORD-1340,6/16/2024,June,Q2,Mechanical Keyboard,Electronics,180000,11,1980000,5,99000,1881000,1336852,544148,28.93,Mukono,Lydia Atim,Cash,Online,Completed,New
ORD-1255,6/17/2024,June,Q2,Whiteboard 4x3,Furniture,220000,14,3080000,0,0,3080000,1657348,1422652,46.19,Wakiso,Lydia Atim,Flutterwave,Online,Pending,Returning
ORD-1277,6/17/2024,June,Q2,Mechanical Keyboard,Electronics,180000,20,3600000,5,180000,3420000,2523660,896340,26.21,Entebbe,James Ssempa,Bank Transfer,Phone Order,Completed,Returning
ORD-1383,6/18/2024,June,Q2,Printer Paper Ream,Stationery,18000,13,234000,0,0,234000,140153,93847,40.11,Mbarara,Sarah Nakato,MTN MoMo,WhatsApp,Completed,Returning
ORD-1208,6/19/2024,June,Q2,HDMI Cable 2m,Electronics,25000,2,50000,0,0,50000,25486,24514,49.03,Gulu,Lydia Atim,Flutterwave,WhatsApp,Completed,Returning
ORD-1199,6/23/2024,June,Q2,Thermal Printer,Electronics,480000,14,6720000,5,336000,6384000,4140262,2243738,35.15,Jinja,Sarah Nakato,Cash,Agent,Completed,Returning
ORD-1155,6/24/2024,June,Q2,HDMI Cable 2m,Electronics,25000,5,125000,0,0,125000,76575,48425,38.74,Mbarara,Brian Okello,Flutterwave,Online,Completed,New
ORD-1314,6/24/2024,June,Q2,Printer Paper Ream,Stationery,18000,15,270000,0,0,270000,135540,134460,49.8,Gulu,Brian Okello,Bank Transfer,Online,Pending,New
ORD-1068,6/26/2024,June,Q2,Filing Cabinet,Furniture,310000,4,1240000,10,124000,1116000,862616,253384,22.7,Jinja,Lydia Atim,Cash,Walk-in,Refunded,Returning
ORD-1239,6/27/2024,June,Q2,Wireless Mouse,Electronics,45000,18,810000,0,0,810000,537336,272664,33.66,Kampala Central,Sarah Nakato,Flutterwave,WhatsApp,Refunded,New
ORD-1318,6/28/2024,June,Q2,USB-C Hub,Electronics,120000,4,480000,10,48000,432000,327600,104400,24.17,Entebbe,James Ssempa,Airtel Money,Online,Completed,New
ORD-1183,6/29/2024,June,Q2,Notebook A4,Stationery,8000,15,120000,0,0,120000,81795,38205,31.84,Jinja,Lydia Atim,Cash,Walk-in,Completed,Returning
ORD-1269,7/1/2024,July,Q3,Laptop Pro 15,Electronics,1200000,9,10800000,5,540000,10260000,6724629,3535371,34.46,Jinja,Lydia Atim,Bank Transfer,Online,Refunded,Returning
ORD-1297,7/2/2024,July,Q3,USB-C Hub,Electronics,120000,11,1320000,5,66000,1254000,864402,389598,31.07,Kampala Central,Lydia Atim,Airtel Money,Online,Pending,Returning
ORD-1078,7/3/2024,July,Q3,Standing Desk,Furniture,890000,4,3560000,0,0,3560000,2043656,1516344,42.59,Wakiso,James Ssempa,MTN MoMo,Phone Order,Completed,Returning
ORD-1388,7/3/2024,July,Q3,Office Chair,Furniture,350000,2,700000,5,35000,665000,358846,306154,46.04,Mbarara,Sarah Nakato,Cash,Agent,Pending,Returning
ORD-1069,7/4/2024,July,Q3,Laptop Pro 15,Electronics,1200000,14,16800000,5,840000,15960000,8843254,7116746,44.59,Mbarara,Lydia Atim,Airtel Money,WhatsApp,Completed,Returning
ORD-1186,7/6/2024,July,Q3,Thermal Printer,Electronics,480000,3,1440000,10,144000,1296000,769569,526431,40.62,Entebbe,James Ssempa,Cash,Online,Completed,New
ORD-1207,7/6/2024,July,Q3,Ballpoint Pen Pack,Stationery,12000,12,144000,0,0,144000,92076,51924,36.06,Gulu,Sarah Nakato,Airtel Money,Phone Order,Refunded,Returning
ORD-1075,7/7/2024,July,Q3,Surge Protector,Electronics,65000,8,520000,0,0,520000,346312,173688,33.4,Entebbe,Peter Mugisha,Flutterwave,Agent,Pending,Returning
ORD-1122,7/7/2024,July,Q3,Office Chair,Furniture,350000,12,4200000,0,0,4200000,3129972,1070028,25.48,Jinja,Grace Nalwoga,Cash,Walk-in,Pending,Returning
ORD-1033,7/8/2024,July,Q3,USB-C Hub,Electronics,120000,12,1440000,0,0,1440000,1036536,403464,28.02,Mukono,Sarah Nakato,Bank Transfer,Phone Order,Completed,Returning
ORD-1338,7/9/2024,July,Q3,Laptop Pro 15,Electronics,1200000,8,9600000,10,960000,8640000,5791336,2848664,32.97,Entebbe,Grace Nalwoga,MTN MoMo,Phone Order,Completed,Returning
ORD-1389,7/9/2024,July,Q3,Ballpoint Pen Pack,Stationery,12000,4,48000,15,7200,40800,24364,16436,40.28,Entebbe,Peter Mugisha,Bank Transfer,Online,Pending,Returning
ORD-1358,7/10/2024,July,Q3,Mechanical Keyboard,Electronics,180000,17,3060000,0,0,3060000,2264825,795175,25.99,Mbarara,Grace Nalwoga,Bank Transfer,Phone Order,Completed,Returning
ORD-1048,7/13/2024,July,Q3,HDMI Cable 2m,Electronics,25000,5,125000,0,0,125000,75635,49365,39.49,Mbarara,Grace Nalwoga,Airtel Money,Phone Order,Refunded,Returning
ORD-1373,7/14/2024,July,Q3,Printer Paper Ream,Stationery,18000,18,324000,5,16200,307800,176958,130842,42.51,Mukono,Sarah Nakato,Bank Transfer,Walk-in,Completed,Returning
ORD-1201,7/15/2024,July,Q3,USB-C Hub,Electronics,120000,4,480000,0,0,480000,274824,205176,42.74,Gulu,Peter Mugisha,Bank Transfer,Online,Completed,Returning
ORD-1273,7/16/2024,July,Q3,Wireless Mouse,Electronics,45000,20,900000,10,90000,810000,626480,183520,22.66,Kampala Central,James Ssempa,Bank Transfer,WhatsApp,Completed,Returning
ORD-1248,7/17/2024,July,Q3,Ballpoint Pen Pack,Stationery,12000,14,168000,10,16800,151200,106246,44954,29.73,Wakiso,James Ssempa,Airtel Money,Agent,Completed,Returning
ORD-1295,7/17/2024,July,Q3,USB-C Hub,Electronics,120000,12,1440000,15,216000,1224000,770880,453120,37.02,Entebbe,Peter Mugisha,Airtel Money,Phone Order,Pending,Returning
ORD-1375,7/17/2024,July,Q3,Ballpoint Pen Pack,Stationery,12000,19,228000,0,0,228000,145540,82460,36.17,Gulu,Peter Mugisha,Bank Transfer,Phone Order,Pending,Returning
ORD-1291,7/18/2024,July,Q3,Monitor 24inch,Electronics,750000,7,5250000,5,262500,4987500,3402266,1585234,31.78,Kampala Central,Grace Nalwoga,Airtel Money,Online,Completed,New
ORD-1293,7/19/2024,July,Q3,Printer Paper Ream,Stationery,18000,11,198000,10,19800,178200,118228,59972,33.65,Jinja,Brian Okello,Cash,Agent,Pending,Returning
ORD-1361,7/19/2024,July,Q3,USB-C Hub,Electronics,120000,1,120000,15,18000,102000,88460,13540,13.27,Gulu,Peter Mugisha,MTN MoMo,Online,Refunded,Returning
ORD-1279,7/20/2024,July,Q3,Filing Cabinet,Furniture,310000,8,2480000,0,0,2480000,1473152,1006848,40.6,Mukono,Brian Okello,Flutterwave,Online,Refunded,Returning
ORD-1218,7/21/2024,July,Q3,Printer Paper Ream,Stationery,18000,18,324000,5,16200,307800,234540,73260,23.8,Gulu,James Ssempa,Airtel Money,Agent,Completed,Returning
ORD-1376,7/21/2024,July,Q3,Monitor 24inch,Electronics,750000,8,6000000,5,300000,5700000,3448272,2251728,39.5,Gulu,Grace Nalwoga,MTN MoMo,Phone Order,Refunded,Returning
ORD-1323,7/22/2024,July,Q3,Standing Desk,Furniture,890000,7,6230000,0,0,6230000,4551911,1678089,26.94,Jinja,James Ssempa,Flutterwave,WhatsApp,Pending,Returning
ORD-1379,7/22/2024,July,Q3,Monitor 24inch,Electronics,750000,3,2250000,0,0,2250000,1343304,906696,40.3,Jinja,James Ssempa,Cash,Phone Order,Pending,New
ORD-1092,7/24/2024,July,Q3,Surge Protector,Electronics,65000,16,1040000,0,0,1040000,692256,347744,33.44,Gulu,Peter Mugisha,MTN MoMo,WhatsApp,Completed,Returning
ORD-1205,7/24/2024,July,Q3,Surge Protector,Electronics,65000,12,780000,5,39000,741000,461352,279648,37.74,Kampala Central,Peter Mugisha,Flutterwave,Online,Completed,Returning
ORD-1093,7/25/2024,July,Q3,Standing Desk,Furniture,890000,11,9790000,0,0,9790000,7269526,2520474,25.75,Gulu,Peter Mugisha,MTN MoMo,Phone Order,Pending,Returning
ORD-1091,7/28/2024,July,Q3,Ballpoint Pen Pack,Stationery,12000,16,192000,0,0,192000,118560,73440,38.25,Mukono,James Ssempa,MTN MoMo,Online,Completed,Returning
ORD-1369,7/28/2024,July,Q3,Wireless Mouse,Electronics,45000,11,495000,0,0,495000,368071,126929,25.64,Mbarara,Peter Mugisha,Flutterwave,Agent,Completed,Returning
ORD-1101,7/29/2024,July,Q3,Surge Protector,Electronics,65000,8,520000,10,52000,468000,309784,158216,33.81,Kampala Central,James Ssempa,Bank Transfer,WhatsApp,Pending,New
ORD-1097,7/31/2024,July,Q3,Monitor 24inch,Electronics,750000,10,7500000,10,750000,6750000,5072640,1677360,24.85,Gulu,Lydia Atim,Bank Transfer,Online,Pending,Returning
ORD-1298,7/31/2024,July,Q3,HDMI Cable 2m,Electronics,25000,16,400000,5,20000,380000,268464,111536,29.35,Mbarara,Lydia Atim,Bank Transfer,Online,Completed,Returning
ORD-1174,8/1/2024,August,Q3,Laptop Pro 15,Electronics,1200000,20,24000000,0,0,24000000,13443380,10556620,43.99,Wakiso,Grace Nalwoga,MTN MoMo,Phone Order,Completed,New
ORD-1332,8/1/2024,August,Q3,Filing Cabinet,Furniture,310000,14,4340000,0,0,4340000,2519146,1820854,41.96,Mbarara,James Ssempa,Cash,Walk-in,Refunded,Returning
ORD-1385,8/1/2024,August,Q3,Surge Protector,Electronics,65000,15,975000,0,0,975000,553170,421830,43.26,Jinja,Grace Nalwoga,MTN MoMo,Online,Pending,New
ORD-1380,8/2/2024,August,Q3,Filing Cabinet,Furniture,310000,20,6200000,10,620000,5580000,3909960,1670040,29.93,Kampala Central,Lydia Atim,Airtel Money,Online,Refunded,Returning
ORD-1063,8/3/2024,August,Q3,Notebook A4,Stationery,8000,11,88000,5,4400,83600,50116,33484,40.05,Mukono,Brian Okello,Bank Transfer,Walk-in,Refunded,New
ORD-1024,8/4/2024,August,Q3,Office Chair,Furniture,350000,7,2450000,10,245000,2205000,1499771,705229,31.98,Wakiso,James Ssempa,Bank Transfer,Online,Completed,Returning
ORD-1181,8/5/2024,August,Q3,Monitor 24inch,Electronics,750000,17,12750000,0,0,12750000,8928655,3821345,29.97,Kampala Central,Lydia Atim,Flutterwave,Online,Refunded,Returning
ORD-1311,8/7/2024,August,Q3,Thermal Printer,Electronics,480000,15,7200000,0,0,7200000,5385300,1814700,25.2,Wakiso,Grace Nalwoga,Airtel Money,Agent,Completed,Returning
ORD-1131,8/8/2024,August,Q3,HDMI Cable 2m,Electronics,25000,10,250000,5,12500,237500,156590,80910,34.07,Kampala Central,Grace Nalwoga,MTN MoMo,Phone Order,Completed,Returning
ORD-1284,8/8/2024,August,Q3,Whiteboard 4x3,Furniture,220000,13,2860000,0,0,2860000,2120482,739518,25.86,Kampala Central,Brian Okello,MTN MoMo,Agent,Completed,Returning
ORD-1368,8/8/2024,August,Q3,Whiteboard 4x3,Furniture,220000,20,4400000,5,220000,4180000,2974940,1205060,28.83,Mbarara,Sarah Nakato,Flutterwave,WhatsApp,Completed,New
ORD-1060,8/11/2024,August,Q3,Monitor 24inch,Electronics,750000,8,6000000,5,300000,5700000,3329128,2370872,41.59,Entebbe,Brian Okello,Bank Transfer,Agent,Pending,New
ORD-1359,8/11/2024,August,Q3,Standing Desk,Furniture,890000,11,9790000,0,0,9790000,7283408,2506592,25.6,Gulu,Grace Nalwoga,Bank Transfer,Agent,Completed,Returning
ORD-1180,8/13/2024,August,Q3,Wireless Mouse,Electronics,45000,12,540000,5,27000,513000,390072,122928,23.96,Entebbe,James Ssempa,Airtel Money,WhatsApp,Pending,Returning
ORD-1234,8/14/2024,August,Q3,USB-C Hub,Electronics,120000,6,720000,0,0,720000,513804,206196,28.64,Kampala Central,Grace Nalwoga,Airtel Money,Phone Order,Pending,New
ORD-1164,8/15/2024,August,Q3,Ballpoint Pen Pack,Stationery,12000,12,144000,15,21600,122400,97896,24504,20.02,Jinja,James Ssempa,Bank Transfer,Online,Refunded,New
ORD-1074,8/17/2024,August,Q3,Surge Protector,Electronics,65000,16,1040000,15,156000,884000,705072,178928,20.24,Gulu,Brian Okello,MTN MoMo,Agent,Completed,Returning
ORD-1071,8/18/2024,August,Q3,Notebook A4,Stationery,8000,8,64000,0,0,64000,36456,27544,43.04,Wakiso,Lydia Atim,Flutterwave,Phone Order,Pending,Returning
ORD-1344,8/19/2024,August,Q3,Standing Desk,Furniture,890000,6,5340000,0,0,5340000,3941046,1398954,26.2,Jinja,Grace Nalwoga,Flutterwave,Online,Completed,Returning
ORD-1132,8/20/2024,August,Q3,Thermal Printer,Electronics,480000,8,3840000,5,192000,3648000,2245368,1402632,38.45,Entebbe,Lydia Atim,MTN MoMo,Agent,Pending,Returning
ORD-1231,8/20/2024,August,Q3,Office Chair,Furniture,350000,8,2800000,0,0,2800000,1734720,1065280,38.05,Mbarara,Peter Mugisha,Cash,WhatsApp,Refunded,Returning
ORD-1235,8/20/2024,August,Q3,Monitor 24inch,Electronics,750000,17,12750000,5,637500,12112500,8952693,3159807,26.09,Wakiso,Peter Mugisha,Bank Transfer,WhatsApp,Refunded,New
ORD-1287,8/21/2024,August,Q3,Mechanical Keyboard,Electronics,180000,5,900000,0,0,900000,520175,379825,42.2,Gulu,Sarah Nakato,Flutterwave,WhatsApp,Completed,Returning
ORD-1226,8/22/2024,August,Q3,Standing Desk,Furniture,890000,7,6230000,0,0,6230000,3630039,2599961,41.73,Mbarara,James Ssempa,Airtel Money,Walk-in,Completed,Returning
ORD-1276,8/22/2024,August,Q3,Office Chair,Furniture,350000,16,5600000,10,560000,5040000,3663328,1376672,27.31,Kampala Central,Sarah Nakato,Cash,Walk-in,Pending,Returning
ORD-1280,8/24/2024,August,Q3,USB-C Hub,Electronics,120000,18,2160000,0,0,2160000,1594620,565380,26.17,Mbarara,Sarah Nakato,Bank Transfer,Agent,Completed,Returning
ORD-1054,8/25/2024,August,Q3,Office Chair,Furniture,350000,4,1400000,5,70000,1330000,746668,583332,43.86,Mbarara,Peter Mugisha,Flutterwave,Phone Order,Completed,Returning
ORD-1335,8/25/2024,August,Q3,Filing Cabinet,Furniture,310000,10,3100000,15,465000,2635000,2032600,602400,22.86,Mukono,Peter Mugisha,Bank Transfer,Online,Refunded,New
ORD-1170,8/29/2024,August,Q3,Filing Cabinet,Furniture,310000,5,1550000,0,0,1550000,789840,760160,49.04,Mbarara,Sarah Nakato,Bank Transfer,WhatsApp,Refunded,New
ORD-1322,8/29/2024,August,Q3,Ballpoint Pen Pack,Stationery,12000,12,144000,10,14400,129600,96576,33024,25.48,Gulu,Brian Okello,MTN MoMo,Phone Order,Completed,New
ORD-1331,8/29/2024,August,Q3,Laptop Pro 15,Electronics,1200000,2,2400000,0,0,2400000,1346730,1053270,43.89,Mukono,Lydia Atim,Airtel Money,Online,Completed,Returning
ORD-1222,8/31/2024,August,Q3,Laptop Pro 15,Electronics,1200000,18,21600000,0,0,21600000,12997296,8602704,39.83,Entebbe,Grace Nalwoga,Airtel Money,Agent,Completed,Returning
ORD-1228,9/1/2024,September,Q3,Printer Paper Ream,Stationery,18000,4,72000,0,0,72000,53668,18332,25.46,Mukono,Sarah Nakato,MTN MoMo,Agent,Pending,New
ORD-1212,9/2/2024,September,Q3,Whiteboard 4x3,Furniture,220000,8,1760000,15,264000,1496000,902592,593408,39.67,Wakiso,Peter Mugisha,Flutterwave,WhatsApp,Completed,New
ORD-1095,9/5/2024,September,Q3,USB-C Hub,Electronics,120000,10,1200000,5,60000,1140000,864250,275750,24.19,Kampala Central,Brian Okello,Flutterwave,Online,Completed,Returning
ORD-1256,9/7/2024,September,Q3,Printer Paper Ream,Stationery,18000,11,198000,0,0,198000,136785,61215,30.92,Mbarara,Grace Nalwoga,Bank Transfer,WhatsApp,Completed,Returning
ORD-1384,9/8/2024,September,Q3,Laptop Pro 15,Electronics,1200000,11,13200000,0,0,13200000,7626124,5573876,42.23,Gulu,Grace Nalwoga,MTN MoMo,Online,Completed,Returning
ORD-1190,9/9/2024,September,Q3,Wireless Mouse,Electronics,45000,7,315000,0,0,315000,176141,138859,44.08,Kampala Central,James Ssempa,Flutterwave,Phone Order,Completed,Returning
ORD-1365,9/9/2024,September,Q3,Surge Protector,Electronics,65000,14,910000,0,0,910000,656222,253778,27.89,Entebbe,James Ssempa,Flutterwave,WhatsApp,Completed,Returning
ORD-1108,9/11/2024,September,Q3,Mechanical Keyboard,Electronics,180000,13,2340000,10,234000,2106000,1569633,536367,25.47,Jinja,Sarah Nakato,Airtel Money,WhatsApp,Completed,Returning
ORD-1253,9/11/2024,September,Q3,Standing Desk,Furniture,890000,9,8010000,0,0,8010000,5031909,2978091,37.18,Entebbe,Brian Okello,Bank Transfer,Agent,Completed,Returning
ORD-1094,9/12/2024,September,Q3,Laptop Pro 15,Electronics,1200000,7,8400000,10,840000,7560000,4959731,2600269,34.4,Mbarara,Lydia Atim,MTN MoMo,Online,Completed,Returning
ORD-1349,9/12/2024,September,Q3,Whiteboard 4x3,Furniture,220000,20,4400000,0,0,4400000,2912000,1488000,33.82,Entebbe,Peter Mugisha,Bank Transfer,Walk-in,Completed,Returning
ORD-1230,9/14/2024,September,Q3,Thermal Printer,Electronics,480000,10,4800000,0,0,4800000,2886490,1913510,39.86,Mbarara,James Ssempa,MTN MoMo,Agent,Completed,Returning
ORD-1047,9/16/2024,September,Q3,Notebook A4,Stationery,8000,4,32000,15,4800,27200,23200,4000,14.71,Mukono,Grace Nalwoga,Bank Transfer,Agent,Pending,Returning
ORD-1175,9/16/2024,September,Q3,HDMI Cable 2m,Electronics,25000,18,450000,10,45000,405000,313470,91530,22.6,Jinja,Brian Okello,Bank Transfer,WhatsApp,Completed,Returning
ORD-1029,9/17/2024,September,Q3,HDMI Cable 2m,Electronics,25000,17,425000,0,0,425000,218535,206465,48.58,Kampala Central,Sarah Nakato,MTN MoMo,Phone Order,Completed,New
ORD-1043,9/17/2024,September,Q3,Mechanical Keyboard,Electronics,180000,3,540000,0,0,540000,317403,222597,41.22,Entebbe,Grace Nalwoga,Flutterwave,Agent,Completed,New
ORD-1098,9/17/2024,September,Q3,USB-C Hub,Electronics,120000,13,1560000,0,0,1560000,1139528,420472,26.95,Mbarara,Sarah Nakato,MTN MoMo,Agent,Pending,Returning
ORD-1149,9/18/2024,September,Q3,Wireless Mouse,Electronics,45000,17,765000,15,114750,650250,404294,245956,37.82,Wakiso,James Ssempa,Cash,Online,Completed,New
ORD-1272,9/19/2024,September,Q3,USB-C Hub,Electronics,120000,14,1680000,5,84000,1596000,1073926,522074,32.71,Entebbe,Brian Okello,MTN MoMo,Walk-in,Completed,Returning
ORD-1386,9/21/2024,September,Q3,Monitor 24inch,Electronics,750000,14,10500000,15,1575000,8925000,6521704,2403296,26.93,Gulu,James Ssempa,MTN MoMo,Phone Order,Completed,New
ORD-1246,9/25/2024,September,Q3,Laptop Pro 15,Electronics,1200000,12,14400000,15,2160000,12240000,9616824,2623176,21.43,Mukono,Grace Nalwoga,Bank Transfer,WhatsApp,Completed,Returning
ORD-1387,9/25/2024,September,Q3,Standing Desk,Furniture,890000,17,15130000,5,756500,14373500,8078094,6295406,43.8,Jinja,Brian Okello,Airtel Money,Online,Completed,New
ORD-1350,9/26/2024,September,Q3,Ballpoint Pen Pack,Stationery,12000,5,60000,5,3000,57000,32990,24010,42.12,Wakiso,Grace Nalwoga,Flutterwave,Walk-in,Pending,Returning
ORD-1321,9/27/2024,September,Q3,Office Chair,Furniture,350000,16,5600000,15,840000,4760000,3631488,1128512,23.71,Kampala Central,James Ssempa,Cash,Online,Pending,Returning
ORD-1017,9/29/2024,September,Q3,Surge Protector,Electronics,65000,16,1040000,0,0,1040000,774272,265728,25.55,Gulu,Sarah Nakato,Airtel Money,WhatsApp,Refunded,New
ORD-1061,9/30/2024,September,Q3,Mechanical Keyboard,Electronics,180000,15,2700000,0,0,2700000,2011980,688020,25.48,Kampala Central,Lydia Atim,Flutterwave,Phone Order,Completed,New
ORD-1104,9/30/2024,September,Q3,Printer Paper Ream,Stationery,18000,3,54000,0,0,54000,38505,15495,28.69,Entebbe,James Ssempa,Bank Transfer,Phone Order,Completed,Returning
ORD-1282,9/30/2024,September,Q3,Thermal Printer,Electronics,480000,20,9600000,5,480000,9120000,6197380,2922620,32.05,Jinja,Grace Nalwoga,Bank Transfer,Phone Order,Completed,Returning
ORD-1070,10/2/2024,October,Q4,Printer Paper Ream,Stationery,18000,9,162000,10,16200,145800,113724,32076,22,Gulu,Lydia Atim,Bank Transfer,WhatsApp,Refunded,Returning
ORD-1025,10/3/2024,October,Q4,Filing Cabinet,Furniture,310000,18,5580000,0,0,5580000,2860560,2719440,48.74,Gulu,Brian Okello,MTN MoMo,Online,Completed,Returning
ORD-1162,10/3/2024,October,Q4,Wireless Mouse,Electronics,45000,10,450000,0,0,450000,282110,167890,37.31,Gulu,Grace Nalwoga,Flutterwave,Walk-in,Completed,Returning
ORD-1243,10/3/2024,October,Q4,Surge Protector,Electronics,65000,2,130000,5,6500,123500,79266,44234,35.82,Wakiso,Brian Okello,Airtel Money,Phone Order,Completed,New
ORD-1267,10/3/2024,October,Q4,Office Chair,Furniture,350000,19,6650000,5,332500,6317500,4450560,1866940,29.55,Mukono,Lydia Atim,Airtel Money,Walk-in,Refunded,Returning
ORD-1237,10/4/2024,October,Q4,Laptop Pro 15,Electronics,1200000,14,16800000,0,0,16800000,11341610,5458390,32.49,Kampala Central,Brian Okello,Bank Transfer,Walk-in,Completed,Returning
ORD-1336,10/4/2024,October,Q4,USB-C Hub,Electronics,120000,1,120000,5,6000,114000,60717,53283,46.74,Mukono,Grace Nalwoga,MTN MoMo,Agent,Completed,Returning
ORD-1038,10/6/2024,October,Q4,Wireless Mouse,Electronics,45000,3,135000,15,20250,114750,98007,16743,14.59,Kampala Central,James Ssempa,Flutterwave,Phone Order,Completed,Returning
ORD-1055,10/7/2024,October,Q4,Whiteboard 4x3,Furniture,220000,17,3740000,5,187000,3553000,2646577,906423,25.51,Entebbe,Sarah Nakato,Bank Transfer,WhatsApp,Completed,New
ORD-1206,10/8/2024,October,Q4,Standing Desk,Furniture,890000,3,2670000,5,133500,2536500,1671588,864912,34.1,Mukono,Peter Mugisha,Flutterwave,Walk-in,Completed,New
ORD-1370,10/8/2024,October,Q4,Office Chair,Furniture,350000,4,1400000,0,0,1400000,837512,562488,40.18,Gulu,Lydia Atim,Airtel Money,Walk-in,Completed,New
ORD-1084,10/9/2024,October,Q4,Printer Paper Ream,Stationery,18000,3,54000,0,0,54000,30237,23763,44.01,Kampala Central,Sarah Nakato,MTN MoMo,WhatsApp,Pending,Returning
ORD-1100,10/9/2024,October,Q4,Thermal Printer,Electronics,480000,18,8640000,5,432000,8208000,5065452,3142548,38.29,Gulu,Peter Mugisha,Bank Transfer,WhatsApp,Completed,New
ORD-1252,10/9/2024,October,Q4,Surge Protector,Electronics,65000,7,455000,5,22750,432250,331590,100660,23.29,Mukono,James Ssempa,Bank Transfer,WhatsApp,Refunded,Returning
ORD-1034,10/10/2024,October,Q4,Filing Cabinet,Furniture,310000,17,5270000,0,0,5270000,3514903,1755097,33.3,Mukono,Grace Nalwoga,MTN MoMo,Online,Completed,New
ORD-1124,10/10/2024,October,Q4,Office Chair,Furniture,350000,5,1750000,10,175000,1575000,964775,610225,38.74,Wakiso,Peter Mugisha,Airtel Money,Online,Completed,New
ORD-1334,10/10/2024,October,Q4,Mechanical Keyboard,Electronics,180000,10,1800000,0,0,1800000,1047280,752720,41.82,Entebbe,Brian Okello,Cash,Online,Completed,Returning
ORD-1027,10/11/2024,October,Q4,Standing Desk,Furniture,890000,14,12460000,15,1869000,10591000,9212042,1378958,13.02,Mbarara,Grace Nalwoga,Bank Transfer,Online,Completed,Returning
ORD-1245,10/12/2024,October,Q4,Office Chair,Furniture,350000,14,4900000,0,0,4900000,2787050,2112950,43.12,Jinja,Grace Nalwoga,Airtel Money,WhatsApp,Refunded,Returning
ORD-1217,10/13/2024,October,Q4,Surge Protector,Electronics,65000,16,1040000,0,0,1040000,644736,395264,38.01,Gulu,Grace Nalwoga,Cash,Agent,Completed,Returning
ORD-1118,10/14/2024,October,Q4,Wireless Mouse,Electronics,45000,8,360000,5,18000,342000,182248,159752,46.71,Mukono,Peter Mugisha,Airtel Money,Walk-in,Pending,Returning
ORD-1187,10/14/2024,October,Q4,Surge Protector,Electronics,65000,6,390000,5,19500,370500,245478,125022,33.74,Kampala Central,James Ssempa,Cash,WhatsApp,Completed,Returning
ORD-1032,10/15/2024,October,Q4,Notebook A4,Stationery,8000,3,24000,0,0,24000,14748,9252,38.55,Kampala Central,Brian Okello,Flutterwave,Online,Refunded,Returning
ORD-1374,10/15/2024,October,Q4,Thermal Printer,Electronics,480000,9,4320000,0,0,4320000,3064041,1255959,29.07,Kampala Central,Sarah Nakato,MTN MoMo,Walk-in,Completed,Returning
ORD-1107,10/16/2024,October,Q4,Ballpoint Pen Pack,Stationery,12000,5,60000,0,0,60000,37965,22035,36.73,Mbarara,Sarah Nakato,Airtel Money,Online,Completed,Returning
ORD-1151,10/16/2024,October,Q4,Filing Cabinet,Furniture,310000,19,5890000,10,589000,5301000,3606010,1694990,31.97,Mbarara,Grace Nalwoga,Flutterwave,Agent,Completed,New
ORD-1351,10/16/2024,October,Q4,Thermal Printer,Electronics,480000,18,8640000,5,432000,8208000,5063112,3144888,38.31,Jinja,James Ssempa,Bank Transfer,Agent,Completed,New
ORD-1185,10/17/2024,October,Q4,Office Chair,Furniture,350000,12,4200000,0,0,4200000,2501988,1698012,40.43,Kampala Central,Peter Mugisha,Airtel Money,WhatsApp,Completed,Returning
ORD-1165,10/19/2024,October,Q4,Standing Desk,Furniture,890000,16,14240000,0,0,14240000,8429504,5810496,40.8,Entebbe,Lydia Atim,Cash,WhatsApp,Refunded,Returning
ORD-1197,10/19/2024,October,Q4,Printer Paper Ream,Stationery,18000,19,342000,0,0,342000,226670,115330,33.72,Entebbe,Peter Mugisha,MTN MoMo,WhatsApp,Refunded,Returning
ORD-1229,10/20/2024,October,Q4,Thermal Printer,Electronics,480000,9,4320000,0,0,4320000,2486097,1833903,42.45,Kampala Central,James Ssempa,Cash,Online,Completed,New
ORD-1347,10/20/2024,October,Q4,Wireless Mouse,Electronics,45000,2,90000,5,4500,85500,46138,39362,46.04,Entebbe,Grace Nalwoga,Bank Transfer,WhatsApp,Completed,Returning
ORD-1146,10/21/2024,October,Q4,Laptop Pro 15,Electronics,1200000,15,18000000,0,0,18000000,12879495,5120505,28.45,Entebbe,Peter Mugisha,Bank Transfer,WhatsApp,Completed,New
ORD-1285,10/21/2024,October,Q4,Surge Protector,Electronics,65000,17,1105000,10,110500,994500,712861,281639,28.32,Wakiso,Lydia Atim,Cash,WhatsApp,Pending,Returning
ORD-1045,10/22/2024,October,Q4,Ballpoint Pen Pack,Stationery,12000,20,240000,10,24000,216000,126920,89080,41.24,Wakiso,James Ssempa,MTN MoMo,WhatsApp,Completed,Returning
ORD-1329,10/22/2024,October,Q4,HDMI Cable 2m,Electronics,25000,3,75000,0,0,75000,50856,24144,32.19,Mbarara,Brian Okello,Bank Transfer,WhatsApp,Refunded,Returning
ORD-1134,10/27/2024,October,Q4,Wireless Mouse,Electronics,45000,12,540000,0,0,540000,345108,194892,36.09,Jinja,Peter Mugisha,Cash,Walk-in,Pending,Returning
ORD-1250,10/27/2024,October,Q4,Mechanical Keyboard,Electronics,180000,3,540000,0,0,540000,378627,161373,29.88,Mbarara,Grace Nalwoga,Flutterwave,Online,Pending,New
ORD-1360,10/28/2024,October,Q4,Surge Protector,Electronics,65000,20,1300000,0,0,1300000,722540,577460,44.42,Gulu,Sarah Nakato,Bank Transfer,Agent,Completed,New
ORD-1102,10/29/2024,October,Q4,Thermal Printer,Electronics,480000,2,960000,0,0,960000,600548,359452,37.44,Mukono,Brian Okello,Bank Transfer,Walk-in,Refunded,Returning
ORD-1030,10/31/2024,October,Q4,Ballpoint Pen Pack,Stationery,12000,4,48000,10,4800,43200,26952,16248,37.61,Kampala Central,Peter Mugisha,MTN MoMo,WhatsApp,Refunded,Returning
ORD-1143,11/2/2024,November,Q4,HDMI Cable 2m,Electronics,25000,10,250000,0,0,250000,138780,111220,44.49,Kampala Central,Brian Okello,Airtel Money,Agent,Completed,New
ORD-1196,11/5/2024,November,Q4,Whiteboard 4x3,Furniture,220000,5,1100000,0,0,1100000,731150,368850,33.53,Mukono,Peter Mugisha,MTN MoMo,Walk-in,Completed,New
ORD-1319,11/7/2024,November,Q4,Office Chair,Furniture,350000,18,6300000,10,630000,5670000,4095000,1575000,27.78,Mukono,Grace Nalwoga,MTN MoMo,Agent,Completed,Returning
ORD-1156,11/8/2024,November,Q4,Surge Protector,Electronics,65000,15,975000,5,48750,926250,615240,311010,33.58,Wakiso,James Ssempa,Cash,Agent,Pending,Returning
ORD-1209,11/9/2024,November,Q4,Monitor 24inch,Electronics,750000,17,12750000,0,0,12750000,7420381,5329619,41.8,Mukono,Sarah Nakato,Bank Transfer,Phone Order,Completed,Returning
ORD-1082,11/12/2024,November,Q4,HDMI Cable 2m,Electronics,25000,14,350000,10,35000,315000,227150,87850,27.89,Wakiso,Peter Mugisha,Bank Transfer,WhatsApp,Pending,Returning
ORD-1147,11/12/2024,November,Q4,Ballpoint Pen Pack,Stationery,12000,1,12000,0,0,12000,6515,5485,45.71,Entebbe,Grace Nalwoga,Cash,Walk-in,Pending,New
ORD-1083,11/13/2024,November,Q4,Mechanical Keyboard,Electronics,180000,19,3420000,5,171000,3249000,1971098,1277902,39.33,Kampala Central,Peter Mugisha,MTN MoMo,Online,Completed,Returning
ORD-1137,11/14/2024,November,Q4,Office Chair,Furniture,350000,14,4900000,10,490000,4410000,3643808,766192,17.37,Jinja,Grace Nalwoga,Flutterwave,Walk-in,Refunded,Returning
ORD-1130,11/15/2024,November,Q4,Whiteboard 4x3,Furniture,220000,5,1100000,0,0,1100000,584700,515300,46.85,Mbarara,Peter Mugisha,Flutterwave,Agent,Pending,Returning
ORD-1394,11/15/2024,November,Q4,Office Chair,Furniture,350000,15,5250000,0,0,5250000,3513810,1736190,33.07,Entebbe,Peter Mugisha,MTN MoMo,Walk-in,Refunded,Returning
ORD-1371,11/16/2024,November,Q4,Ballpoint Pen Pack,Stationery,12000,3,36000,0,0,36000,25413,10587,29.41,Jinja,Lydia Atim,Airtel Money,Walk-in,Completed,New
ORD-1052,11/18/2024,November,Q4,Mechanical Keyboard,Electronics,180000,3,540000,5,27000,513000,325947,187053,36.46,Jinja,Sarah Nakato,Bank Transfer,WhatsApp,Pending,New
ORD-1258,11/18/2024,November,Q4,Mechanical Keyboard,Electronics,180000,2,360000,0,0,360000,217114,142886,39.69,Wakiso,Brian Okello,Airtel Money,Walk-in,Completed,Returning
ORD-1290,11/18/2024,November,Q4,Ballpoint Pen Pack,Stationery,12000,15,180000,0,0,180000,125895,54105,30.06,Wakiso,Sarah Nakato,Bank Transfer,WhatsApp,Completed,Returning
ORD-1020,11/19/2024,November,Q4,Whiteboard 4x3,Furniture,220000,8,1760000,0,0,1760000,911232,848768,48.23,Kampala Central,Sarah Nakato,MTN MoMo,Walk-in,Completed,New
ORD-1157,11/19/2024,November,Q4,Filing Cabinet,Furniture,310000,11,3410000,15,511500,2898500,2214696,683804,23.59,Mbarara,James Ssempa,MTN MoMo,Agent,Completed,Returning
ORD-1173,11/19/2024,November,Q4,Mechanical Keyboard,Electronics,180000,16,2880000,10,288000,2592000,1825952,766048,29.55,Jinja,Peter Mugisha,Airtel Money,Online,Completed,Returning
ORD-1139,11/20/2024,November,Q4,Printer Paper Ream,Stationery,18000,13,234000,0,0,234000,125294,108706,46.46,Kampala Central,Brian Okello,Flutterwave,Online,Pending,Returning
ORD-1308,11/21/2024,November,Q4,Laptop Pro 15,Electronics,1200000,3,3600000,15,540000,3060000,2674935,385065,12.58,Mbarara,Grace Nalwoga,Cash,Walk-in,Refunded,Returning
ORD-1227,11/23/2024,November,Q4,Whiteboard 4x3,Furniture,220000,7,1540000,0,0,1540000,1005214,534786,34.73,Entebbe,Lydia Atim,Flutterwave,Agent,Completed,Returning
ORD-1225,11/24/2024,November,Q4,Whiteboard 4x3,Furniture,220000,4,880000,0,0,880000,502600,377400,42.89,Jinja,Peter Mugisha,Bank Transfer,Online,Refunded,Returning
ORD-1177,11/25/2024,November,Q4,Laptop Pro 15,Electronics,1200000,12,14400000,10,1440000,12960000,8418768,4541232,35.04,Wakiso,Grace Nalwoga,Bank Transfer,WhatsApp,Completed,New
ORD-1393,11/25/2024,November,Q4,Whiteboard 4x3,Furniture,220000,10,2200000,15,330000,1870000,1631860,238140,12.73,Mukono,Lydia Atim,Bank Transfer,Agent,Pending,Returning
ORD-1023,11/26/2024,November,Q4,Mechanical Keyboard,Electronics,180000,2,360000,15,54000,306000,238810,67190,21.96,Kampala Central,Brian Okello,Bank Transfer,Agent,Completed,New
ORD-1238,11/26/2024,November,Q4,USB-C Hub,Electronics,120000,5,600000,15,90000,510000,446745,63255,12.4,Entebbe,James Ssempa,Bank Transfer,WhatsApp,Pending,Returning
ORD-1296,11/26/2024,November,Q4,USB-C Hub,Electronics,120000,16,1920000,15,288000,1632000,1217936,414064,25.37,Wakiso,Peter Mugisha,Airtel Money,WhatsApp,Completed,New
ORD-1179,11/27/2024,November,Q4,Ballpoint Pen Pack,Stationery,12000,18,216000,5,10800,205200,121662,83538,40.71,Wakiso,James Ssempa,Cash,Walk-in,Completed,Returning
ORD-1325,11/28/2024,November,Q4,HDMI Cable 2m,Electronics,25000,11,275000,5,13750,261250,177815,83435,31.94,Mbarara,Grace Nalwoga,MTN MoMo,Agent,Pending,New
ORD-1064,11/29/2024,November,Q4,Notebook A4,Stationery,8000,8,64000,15,9600,54400,33096,21304,39.16,Kampala Central,Brian Okello,Airtel Money,Online,Completed,Returning
ORD-1396,11/29/2024,November,Q4,Mechanical Keyboard,Electronics,180000,9,1620000,0,0,1620000,1075725,544275,33.6,Mukono,Sarah Nakato,Airtel Money,Phone Order,Completed,New
ORD-1301,11/30/2024,November,Q4,HDMI Cable 2m,Electronics,25000,7,175000,5,8750,166250,91980,74270,44.67,Gulu,Sarah Nakato,Cash,Walk-in,Pending,Returning
ORD-1219,12/1/2024,December,Q4,Surge Protector,Electronics,65000,3,195000,0,0,195000,142545,52455,26.9,Mukono,Grace Nalwoga,Bank Transfer,Online,Completed,Returning
ORD-1305,12/1/2024,December,Q4,USB-C Hub,Electronics,120000,14,1680000,0,0,1680000,1256836,423164,25.19,Wakiso,Grace Nalwoga,Airtel Money,Online,Completed,Returning
ORD-1158,12/2/2024,December,Q4,Printer Paper Ream,Stationery,18000,13,234000,0,0,234000,131729,102271,43.71,Jinja,Sarah Nakato,Cash,Walk-in,Refunded,New
ORD-1113,12/3/2024,December,Q4,Whiteboard 4x3,Furniture,220000,9,1980000,15,297000,1683000,1364004,318996,18.95,Mbarara,Sarah Nakato,MTN MoMo,Walk-in,Completed,Returning
ORD-1312,12/6/2024,December,Q4,Wireless Mouse,Electronics,45000,12,540000,0,0,540000,281124,258876,47.94,Mbarara,Sarah Nakato,MTN MoMo,WhatsApp,Completed,New
ORD-1259,12/7/2024,December,Q4,Thermal Printer,Electronics,480000,12,5760000,0,0,5760000,3769680,1990320,34.55,Jinja,Lydia Atim,Bank Transfer,Walk-in,Completed,Returning
ORD-1145,12/8/2024,December,Q4,HDMI Cable 2m,Electronics,25000,8,200000,10,20000,180000,127936,52064,28.92,Gulu,James Ssempa,MTN MoMo,WhatsApp,Completed,Returning
ORD-1046,12/9/2024,December,Q4,Monitor 24inch,Electronics,750000,18,13500000,15,2025000,11475000,9178074,2296926,20.02,Wakiso,James Ssempa,Bank Transfer,Walk-in,Completed,Returning
ORD-1399,12/9/2024,December,Q4,Printer Paper Ream,Stationery,18000,18,324000,15,48600,275400,225576,49824,18.09,Mukono,Peter Mugisha,Cash,Online,Refunded,New
ORD-1244,12/10/2024,December,Q4,Mechanical Keyboard,Electronics,180000,19,3420000,0,0,3420000,2203734,1216266,35.56,Gulu,James Ssempa,Airtel Money,Agent,Completed,Returning
ORD-1294,12/10/2024,December,Q4,USB-C Hub,Electronics,120000,10,1200000,10,120000,1080000,777050,302950,28.05,Wakiso,James Ssempa,MTN MoMo,Online,Completed,New
ORD-1109,12/12/2024,December,Q4,Standing Desk,Furniture,890000,1,890000,5,44500,845500,645519,199981,23.65,Jinja,Sarah Nakato,MTN MoMo,WhatsApp,Completed,Returning
ORD-1397,12/14/2024,December,Q4,Filing Cabinet,Furniture,310000,20,6200000,5,310000,5890000,4123820,1766180,29.99,Wakiso,Grace Nalwoga,MTN MoMo,WhatsApp,Completed,Returning
ORD-1013,12/15/2024,December,Q4,HDMI Cable 2m,Electronics,25000,1,25000,15,3750,21250,17004,4246,19.98,Jinja,James Ssempa,Cash,Walk-in,Completed,Returning
ORD-1378,12/15/2024,December,Q4,USB-C Hub,Electronics,120000,2,240000,5,12000,228000,124702,103298,45.31,Entebbe,Sarah Nakato,Airtel Money,Phone Order,Completed,Returning
ORD-1198,12/16/2024,December,Q4,Printer Paper Ream,Stationery,18000,10,180000,5,9000,171000,101010,69990,40.93,Entebbe,James Ssempa,Bank Transfer,Walk-in,Completed,New
ORD-1274,12/16/2024,December,Q4,Monitor 24inch,Electronics,750000,8,6000000,10,600000,5400000,3781656,1618344,29.97,Entebbe,Sarah Nakato,Airtel Money,Agent,Completed,Returning
ORD-1395,12/16/2024,December,Q4,HDMI Cable 2m,Electronics,25000,20,500000,10,50000,450000,285320,164680,36.6,Kampala Central,Lydia Atim,MTN MoMo,Agent,Completed,Returning
ORD-1133,12/17/2024,December,Q4,Printer Paper Ream,Stationery,18000,9,162000,0,0,162000,119619,42381,26.16,Entebbe,Brian Okello,MTN MoMo,Walk-in,Completed,Returning
ORD-1211,12/18/2024,December,Q4,Printer Paper Ream,Stationery,18000,4,72000,5,3600,68400,46504,21896,32.01,Mbarara,Brian Okello,Flutterwave,WhatsApp,Completed,Returning
ORD-1120,12/22/2024,December,Q4,USB-C Hub,Electronics,120000,13,1560000,5,78000,1482000,924690,557310,37.61,Jinja,Lydia Atim,Flutterwave,Online,Pending,New
ORD-1159,12/23/2024,December,Q4,Monitor 24inch,Electronics,750000,12,9000000,0,0,9000000,6677316,2322684,25.81,Mbarara,Lydia Atim,Airtel Money,Phone Order,Completed,Returning
ORD-1111,12/24/2024,December,Q4,Whiteboard 4x3,Furniture,220000,12,2640000,10,264000,2376000,1515264,860736,36.23,Mukono,Brian Okello,Bank Transfer,Agent,Completed,Returning
ORD-1304,12/26/2024,December,Q4,Standing Desk,Furniture,890000,20,17800000,10,1780000,16020000,9649260,6370740,39.77,Mukono,James Ssempa,Flutterwave,Agent,Refunded,New
ORD-1085,12/27/2024,December,Q4,Thermal Printer,Electronics,480000,10,4800000,0,0,4800000,2677770,2122230,44.21,Mukono,Grace Nalwoga,Bank Transfer,Walk-in,Completed,Returning
ORD-1210,12/28/2024,December,Q4,Notebook A4,Stationery,8000,17,136000,10,13600,122400,86088,36312,29.67,Jinja,James Ssempa,Bank Transfer,Walk-in,Completed,Returning
ORD-1194,12/29/2024,December,Q4,Standing Desk,Furniture,890000,6,5340000,0,0,5340000,3100752,2239248,41.93,Wakiso,James Ssempa,Flutterwave,Agent,Completed,Returning
ORD-1266,12/30/2024,December,Q4,Office Chair,Furniture,350000,19,6650000,0,0,6650000,4575618,2074382,31.19,Gulu,Lydia Atim,MTN MoMo,Agent,Completed,Returning
ORD-1343,12/30/2024,December,Q4,Laptop Pro 15,Electronics,1200000,7,8400000,0,0,8400000,4511479,3888521,46.29,Wakiso,James Ssempa,Bank Transfer,Phone Order,Completed,Returning
